{"iso8601DateFormat":false,"callBackUrlConfigured":false,"callBackUrls":null,"apiProvider":"ExternalApplication","applicationType":null,"urlDescription":"https://dev.azure.com/{organization} (replace with your organization name)","userNameDescription":"Leave Blank","passwordDescription":"Personal Access Token (PAT)","paginationSupported":false,"paginationAttributes":null,"status":"Active","active":true,"syncModel":"ReadWrite","multiProjectSupported":false,"projectLoginRequired":false,"version":null,"displayName":"Azure DevOps Extended","type":"ado-extended","logo":"ado.svg","logoSmall":"ado_1.svg","metadata":[{"name":"Type","dependent":false,"dependentMetadata":null,"values":[{"id":"lists","name":"Lists","attributeName":null,"referenceType":null,"dependents":null,"attributes":null,"fieldIdRef":null,"regex":false}],"apiConfig":{"api":null,"idJsonPath":null,"valueJsonPath":null,"headers":null}},{"name":"PickList","dependent":false,"dependentMetadata":null,"values":null,"apiConfig":{"api":"/_apis/wit/fields","idJsonPath":"$.value[*].picklistId","valueJsonPath":"$.value[?(@.picklistId)].referenceName","headers":null}}],"fields":[{"id":"name","name":"Name","datatype":"String","values":null},{"id":"id","name":"ID","datatype":"String","values":null},{"id":"System.ChangedDate","name":"System.ChangedDate","datatype":"Datetime","values":null},{"id":"type","name":"Type","datatype":"String","values":null},{"id":"items","name":"List Items","datatype":"String","values":null},{"id":"isSuggested","name":"User Suggestion Allowed?","datatype":"Boolean","values":null}],"loginOptions":[],"idFieldName":"id","titleFieldName":"name","projectFieldName":"","artifactFieldName":"","testStepsFieldName":null,"changedDateFieldName":"System.ChangedDate","dateFormat":"yyyy-MM-dd","dateTimeFormat":"yyyy-MM-dd'T'HH:mm:ss.SSS'Z'","queryDateFormat":"yyyy-MM-dd'T'HH:mm:ss.SSS'Z'","queryDateFormatType":"DATE_TIME_FORMAT","commentFieldName":null,"commentFieldId":null,"attachmentFieldName":null,"attachmentFieldId":null,"apiVersion":null,"commentSyncSupported":false,"attachmentSyncSupported":false,"availableRestOperations":null,"conjunctionOperator":"","global":true,"tenantList":null,"multivariateMappingSupported":false}