[{"schemeId":35,"schemeName":"Lists","adapterType":"ado-extended","group":null,"active":true,"adapterMetadataList":[{"metadataId":78,"metadataKey":"Type","metadataValue":"lists"}],"requestHeaders":[],"restTemplates":{"QUERY_MODIFIED_RECORDS":{"templateId":216,"operation":"QUERY_MODIFIED_RECORDS","httpVerb":"GET","restUrl":"n/a","specifications":{"Response":{"specId":423,"type":"Response","adapterType":null,"specType":"None","status":"Active","specification":"{}","samplePayload":"{ using an Azure DevOps list as a source to sync to another application is not supported }","contentAvailable":true,"statusCode":2},"Request":{"specId":424,"type":"Request","adapterType":null,"specType":null,"status":"Active","specification":null,"samplePayload":null,"contentAvailable":false,"statusCode":2}}},"CREATE_RECORD":{"templateId":218,"operation":"CREATE_RECORD","httpVerb":"POST","restUrl":"n/a","specifications":{"Response":{"specId":427,"type":"Response","adapterType":null,"specType":"None","status":"Active","specification":"{}","samplePayload":"{ Creation of a list is not desired due to limitations of list handling in Azure DevOps. The preferred approach is to use Dynamic Linking with pre-existing Picklist Fields. }","contentAvailable":true,"statusCode":2},"Request":{"specId":428,"type":"Request","adapterType":null,"specType":"None","status":"Active","specification":"{}","samplePayload":"{ Creation of a list is not desired due to limitations of list handling in Azure DevOps. The preferred approach is to use Dynamic Linking with pre-existing Picklist Fields. }","contentAvailable":true,"statusCode":2}}},"UPDATE_RECORD":{"templateId":219,"operation":"UPDATE_RECORD","httpVerb":"PUT","restUrl":"/_apis/work/processes/lists/${PickList}?api-version=7.1","specifications":{"Response":{"specId":429,"type":"Response","adapterType":null,"specType":"JOLT","status":"Active","specification":"[\n  {\n    \"operation\": \"shift\",\n    \"spec\": {\n      \"id\": \"id\",\n      \"*\": \"fields.&\"\n    }\n  }\n]\n","samplePayload":"{\n    \"items\": [\n        \"Aqua\",\n        \"Magenta\",\n        \"Jade\",\n        \"Crimson\"\n    ],\n    \"id\": \"cef86118-f7d6-402c-908f-5e624655773d\",\n    \"name\": \"postman_colors\",\n    \"type\": \"String\",\n    \"isSuggested\": false,\n    \"url\": \"https://dev.azure.com/johnathanmcgowan/_apis/work/processes/lists/cef86118-f7d6-402c-908f-5e624655773d\"\n}","contentAvailable":true,"statusCode":2},"Request":{"specId":430,"type":"Request","adapterType":null,"specType":"JOLT","status":"Active","specification":"[\n  {\n    \"operation\": \"shift\",\n    \"spec\": {\n      \"fields\": {\n        \"*\": \"&\"\n      }\n    }\n  }\n]\n","samplePayload":"{\n  \"id\":\"\",\n  \"fields\": {\n    \"name\": \"external_test\",\n    \"type\": \"String\",\n    \"items\": [\n        \"Aqua\",\n        \"Jade\",\n        \"Crimson\"\n    ],\n    \"isSuggested\": false\n  }\n}","contentAvailable":true,"statusCode":2}}},"QUERY_RECORD_BY_ID":{"templateId":217,"operation":"QUERY_RECORD_BY_ID","httpVerb":"GET","restUrl":"/_apis/work/processes/lists/${PickList}","specifications":{"Response":{"specId":425,"type":"Response","adapterType":null,"specType":"JOLT","status":"Active","specification":"[\n  {\n    \"operation\": \"shift\",\n    \"spec\": {\n      \"id\": \"id\",\n      \"*\": \"fields.&\"\n    }\n  }\n]\n","samplePayload":"{\n    \"items\": [\n        \"Aqua\",\n        \"Magenta\",\n        \"Jade\",\n        \"Crimson\"\n    ],\n    \"id\": \"cef86118-f7d6-402c-908f-5e624655773d\",\n    \"name\": \"postman_colors\",\n    \"type\": \"String\",\n    \"isSuggested\": false,\n    \"url\": \"https://dev.azure.com/johnathanmcgowan/_apis/work/processes/lists/cef86118-f7d6-402c-908f-5e624655773d\"\n}","contentAvailable":true,"statusCode":2},"Request":{"specId":426,"type":"Request","adapterType":null,"specType":null,"status":"Active","specification":null,"samplePayload":null,"contentAvailable":false,"statusCode":2}}}},"default":false}]